date,S&P 500 YoY Change (%)
2016-04-25,
2016-04-26,
2016-04-27,
2016-04-28,
2016-04-29,
2016-05-02,
2016-05-03,
2016-05-04,
2016-05-05,
2016-05-06,
2016-05-09,
2016-05-10,
2016-05-11,-1.1174495519185368
2016-05-12,-1.3190228044174468
2016-05-13,-2.316779228217558
2016-05-16,-0.44079178730230817
2016-05-17,-0.8759018060330304
2016-05-18,-1.6238835800387097
2016-05-19,-1.130674576057611
2016-05-20,0.05850462186514083
2016-05-23,-0.12630264845437944
2016-05-24,0.9197234996159764
2016-05-25,1.547100340507801
2016-05-26,0.27394105709583894
2016-05-27,1.675983065789599
2016-05-31,1.59148494993
2016-06-01,2.5759670870366236
2016-06-02,1.8677479604773062
2016-06-03,2.536134544086832
2016-06-06,3.017146652471392
2016-06-07,3.533754240112952
2016-06-08,3.2548530443595514
2016-06-09,3.292904435460242
2016-06-10,0.9638449755787537
2016-06-13,-0.5491404134816857
2016-06-14,-0.7071431988899923
2016-06-15,-1.312968662163061
2016-06-16,-0.9046429116435384
2016-06-17,-1.3389986328971704
2016-06-20,-1.0454765682148648
2016-06-21,-0.4873447571136613
2016-06-22,-1.1358626345755463
2016-06-23,0.056341228996314996
2016-06-24,-3.855845822794357
2016-06-27,-5.433282281089868
2016-06-28,-2.8615456544867413
2016-06-29,-0.3987378911623485
2016-06-30,1.1342829057687576
2016-07-01,1.5182235095341445
2016-07-05,0.5081833887554899
2016-07-06,1.376483425227648
2016-07-07,0.7032281291251774
2016-07-08,1.9627555172578859
2016-07-11,2.4795607662614794
2016-07-12,1.8369201067514496
2016-07-13,5.645402741716188
2016-07-14,8.158297259739866
2016-07-15,6.17114174717226
2016-07-18,4.641751618962986
2016-07-19,3.0931076870301055
2016-07-20,3.3319860196390882
2016-07-21,3.6685738909769894
2016-07-22,3.5861753654041317
2016-07-25,3.364316697650027
2016-07-26,1.844218038405554
2016-07-27,1.3765932358831279
2016-07-28,0.8326595853429541
2016-07-29,0.9835395343867237
2016-08-01,0.32767186597342235
2016-08-02,-0.2178800410780002
2016-08-03,-0.14306217666794074
2016-08-04,0.021721247076866845
2016-08-05,0.45328620997504565
2016-08-08,0.7260399876222179
2016-08-09,0.3085014919334217
2016-08-10,0.3232679111635717
2016-08-11,0.765727141131678
2016-08-12,0.806339945905532
2016-08-15,0.9257808539856027
2016-08-16,0.2093301435406758
2016-08-17,0.5242210388605173
2016-08-18,1.3903376401811718
2016-08-19,0.9280013309979296
2016-08-22,0.8497169920295589
2016-08-23,0.18461933143065767
2016-08-24,-0.24989797743122377
2016-08-25,-0.4248902252330655
2016-08-26,-0.2964849298318861
2016-08-29,-0.24750776607084246
2016-08-30,-0.3630869256656344
2016-08-31,-0.8766522840901403
2016-09-01,-0.3346876936850096
2016-09-02,-0.1026477623704225
2016-09-06,-0.024691132225584944
2016-09-07,0.10485972150355849
2016-09-08,-0.06139354176591949
2016-09-09,-2.701998262380545
2016-09-12,-0.7538704813738861
2016-09-13,-2.092088728497965
2016-09-14,-1.9948917493453289
2016-09-15,-1.5190012750071036
2016-09-16,-1.6984357480286039
2016-09-19,-1.4661784011607781
2016-09-20,-1.4326119602369514
2016-09-21,-0.7734015908402836
2016-09-22,-0.42534118766236473
2016-09-23,-0.9820873129139596
2016-09-26,-1.6137165910237172
2016-09-27,1.5095332759973878
2016-09-28,0.5710871498443737
2016-09-29,1.1335107333264371
2016-09-30,1.9992755566218268
2016-10-03,0.6491994448739158
2016-10-04,0.5296471512182377
2016-10-05,0.9634803096600475
2016-10-06,0.9818858189703406
2016-10-07,-0.433632900625025
2016-10-10,-0.6209867810654135
2016-10-11,-1.2916399114884847
2016-10-12,-0.3224453660127691
2016-10-13,-1.267633673313473
2016-10-14,-1.7680082160110855
2016-10-17,-1.1449796153649494
2016-10-18,-1.322252302526905
2016-10-19,-0.7824356838793234
2016-10-20,-0.4254844244799827
2016-10-21,-0.8598297009348443
2016-10-24,-0.4368812969450686
2016-10-25,-0.49123849675447584
2016-10-26,-1.1198617157963775
2016-10-27,-0.17269378910765854
2016-10-28,-0.5969577127684422
2016-10-31,-0.300110196712855
2016-11-01,-0.9967275830059408
2016-11-02,-1.3430519633200078
2016-11-03,-2.3808188446438616
2016-11-04,-2.756623404483538
2016-11-07,-0.45859134934200796
2016-11-08,-0.07472584953950312
2016-11-09,0.5545406794866592
2016-11-10,1.1347729520894356
2016-11-11,1.1694703729498102
2016-11-14,1.4608258635562255
2016-11-15,2.5385508909382404
2016-11-16,2.3888248712461424
2016-11-17,3.5705491258310795
2016-11-18,4.002021030153391
2016-11-21,5.243553282966107
2016-11-22,5.647474078976411
2016-11-23,3.4341690436871186
2016-11-25,3.448839948400595
2016-11-28,1.777872285347093
2016-11-29,1.715356081717001
2016-11-30,1.58747025803323
2016-12-01,1.242029387302468
2016-12-02,0.5301803805741079
2016-12-05,1.2756437935818266
2016-12-06,1.1480851530780267
2016-12-07,2.72468949081075
2016-12-08,2.1840795567242166
2016-12-09,2.5688398231454412
2016-12-12,2.36946188178091
2016-12-13,2.637178936905582
2016-12-14,2.341805497520144
2016-12-15,2.6022153075757837
2016-12-16,2.695094164570855
2016-12-19,3.2609489384230805
2016-12-20,3.5954287278450847
2016-12-21,2.742764354495586
2016-12-22,2.2027546864476166
2016-12-23,1.001182323153449
2016-12-27,1.0101549735329618
2016-12-28,-0.4253096882980145
2016-12-29,-0.3411668793421141
2016-12-30,-1.447801665698234
2017-01-03,0.20192785628061483
2017-01-04,0.38549444525490806
2017-01-05,0.4840416816130455
2017-01-06,0.6386655646554829
2017-01-09,-0.0819109020768427
2017-01-10,0.16422535957407725
2017-01-11,0.6351284410162084
2017-01-12,0.2937551628022117
2017-01-13,0.25386975071399753
2017-01-17,0.798695064713395
2017-01-18,1.0061086757422233
2017-01-19,1.1104014150248087
2017-01-20,0.597033434758143
2017-01-23,-0.2444126389959389
2017-01-24,0.4878801234023955
2017-01-25,0.9394021906208971
2017-01-26,1.2243818590506272
2017-01-27,1.1366741592842233
2017-01-30,0.24524022994567574
2017-01-31,0.37129366994943513
2017-02-01,0.2158583336264286
2017-02-02,0.5714562875624551
2017-02-03,1.123733983599573
2017-02-06,1.2753513069369005
2017-02-07,0.9584777066979022
2017-02-08,1.3009888751545295
2017-02-09,1.2192608121680326
2017-02-10,0.7714162645701128
2017-02-13,1.374592890607329
2017-02-14,1.8690977866291147
2017-02-15,2.9966241395940063
2017-02-16,2.999293509502521
2017-02-17,3.1414094887148636
2017-02-21,3.7060744897735587
2017-02-22,2.846671483664287
2017-02-23,3.1078794011934363
2017-02-24,3.2384391299038917
2017-02-27,3.271930168608117
2017-02-28,2.4165139284274995
2017-03-01,3.4480376494970155
2017-03-02,2.3051648233652022
2017-03-03,1.9481686188280278
2017-03-06,1.1092901989996795
2017-03-07,0.9019180136501825
2017-03-08,0.5027305670392668
2017-03-09,-0.021561017680038486
2017-03-10,0.4139121896716613
2017-03-13,0.4086622867319978
2017-03-14,-0.07983644089992747
2017-03-15,0.6544994197700271
2017-03-16,0.7505373068656951
2017-03-17,-0.739160920883486
2017-03-20,-0.354755827231823
2017-03-21,-1.6407063009835854
2017-03-22,-1.130799769293278
2017-03-23,-0.9470568614121766
2017-03-24,-0.8040694377438706
2017-03-27,-0.9844092909969571
2017-03-28,-0.591334401078969
2017-03-29,-0.5199138813635651
2017-03-30,0.11033841340970518
2017-03-31,-0.9449703596253856
2017-04-03,-0.946510006802781
2017-04-04,-0.7606433301797555
2017-04-05,-0.8645569566920974
2017-04-06,0.574653799882241
2017-04-07,0.30190125401861057
2017-04-10,0.4774164947398907
2017-04-11,0.41809230454186164
2017-04-12,0.14263812195984826
2017-04-13,-1.2558457031167314
2017-04-17,-0.5133135405504974
2017-04-18,-1.09245542764963
2017-04-19,-1.0390566804361012
2017-04-20,-0.12718115683980624
2017-04-21,-0.48598400108466056
2017-04-24,0.9009966212626841
2017-04-25,1.3200480171708273
2017-04-26,1.354678757312544
2017-04-27,1.341020550153571
2017-04-28,1.2923892632276335
2017-05-01,1.8508015164631741
2017-05-02,2.6715902015929993
2017-05-03,1.6653824377077964
2017-05-04,2.0207583500911452
2017-05-05,2.614010101917308
2017-05-08,1.848173050801405
2017-05-09,2.0534851342663307
2017-05-10,1.0732262072741916
2017-05-11,0.24407500596581588
2017-05-12,0.1445056440972703
2017-05-15,0.5672375322864909
2017-05-16,0.6907977518664676
2017-05-17,-1.3105391633484342
2017-05-18,-1.0643325234090506
2017-05-19,-0.2679921109822403
2017-05-22,0.18832234088854705
2017-05-23,-0.03626072713177608
2017-05-24,0.20880394101807642
2017-05-25,0.757221767935512
2017-05-26,0.6746873476327631
2017-05-30,0.7713703412906447
2017-05-31,0.874147810447945
2017-06-01,1.1547171067967543
2017-06-02,1.599553457992986
2017-06-05,3.354645464843453
2017-06-06,2.688822007676306
2017-06-07,2.1585150289915145
2017-06-08,1.6612225461775543
2017-06-09,1.3904987450071182
2017-06-12,1.0397647636198881
2017-06-13,1.0467605493836407
2017-06-14,0.9148032552094065
2017-06-15,0.810224998031428
2017-06-16,0.885230947839788
2017-06-19,0.9629391866867509
2017-06-20,-0.08363843596124187
2017-06-21,-0.020114116826064343
2017-06-22,0.21281587927535206
2017-06-23,0.21207164404843937
2017-06-26,0.21694558692411103
2017-06-27,-0.5095054219765749
2017-06-28,0.46513733900279686
2017-06-29,-0.8461900956829971
2017-06-30,-0.5951794972763769
2017-07-03,-0.14183172590709336
2017-07-05,-0.02507038201509104
2017-07-06,-1.7815656256878087
2017-07-07,-0.48624760466634553
2017-07-10,-0.3358501566342875
2017-07-11,-0.3684534812076312
2017-07-12,0.2030102940573375
2017-07-13,0.3591532838335798
2017-07-14,1.6487695194636665
2017-07-17,0.7559337728265225
2017-07-18,1.6907054593544801
2017-07-19,2.0805394052182624
2017-07-20,1.829551957381792
2017-07-21,1.6443717266725333
2017-07-24,2.4965245357402077
2017-07-25,2.1421090393290543
2017-07-26,2.076269964530386
2017-07-27,2.0568700448974075
2017-07-28,1.1808042566253896
2017-07-31,0.9179559038005269
2017-08-01,0.6945150390156307
2017-08-02,0.7494489943638882
2017-08-03,0.46939580022837823
2017-08-04,0.12126944858781297
2017-08-07,0.30160302411610385
2017-08-08,0.09625729007418649
2017-08-09,0.16640282439441823
2017-08-10,-1.571173091440503
2017-08-11,-1.4734667027197057
2017-08-14,-0.38700503348926274
2017-08-15,-0.3029812709841706
2017-08-16,-0.0886532000161977
2017-08-17,-1.8713025218567547
2017-08-18,-2.099637951702671
2017-08-21,-1.7713254805514222
2017-08-22,-0.9819002515311759
2017-08-23,-1.4861482278680005
2017-08-24,-1.4525722043540856
2017-08-25,-1.2518087970186054
2017-08-28,0.2473125776696783
2017-08-29,0.20398800648828708
2017-08-30,-0.3345715861531984
2017-08-31,0.28564357038232124
2017-09-01,0.34196206814121055
2017-09-05,1.1456742976366119
2017-09-06,1.6486982333903555
2017-09-07,1.5125372163220518
2017-09-08,0.3637090164769763
2017-09-11,1.8031619777090446
2017-09-12,2.357962582565598
2017-09-13,2.2643826364585173
2017-09-14,2.1020849016463172
2017-09-15,2.2045538159669587
2017-09-18,1.8831456833727334
2017-09-19,1.4160580988408444
2017-09-20,1.27960267307341
2017-09-21,1.7393250198344035
2017-09-22,1.487706547044465
2017-09-25,1.2802726055738178
2017-09-26,1.4385946380762515
2017-09-27,0.7608184525603745
2017-09-28,0.5439659039928157
2017-09-29,0.8401477763501974
2017-10-02,1.3423518003542245
2017-10-03,1.3738736036284616
2017-10-04,1.3527060110948286
2017-10-05,1.8119801328466245
2017-10-06,1.6382004911810633
2017-10-09,1.764776453651118
2017-10-10,1.9350816474970278
2017-10-11,2.346334703163433
2017-10-12,2.1663382515499485
2017-10-13,1.840018507881802
2017-10-16,1.8955722173972012
2017-10-17,1.587704813920987
2017-10-18,1.2707977478332522
2017-10-19,1.0857814706973112
2017-10-20,1.4765105960421687
2017-10-23,0.505863867370393
2017-10-24,0.7766746556938653
2017-10-25,0.4880674963552156
2017-10-26,0.3826490606279265
2017-10-27,1.010863950157348
2017-10-30,0.8585104256094933
2017-10-31,0.8651989487578282
2017-11-01,0.8492203750332328
2017-11-02,0.800590772693166
2017-11-03,1.0377704723456338
2017-11-06,1.1330549158893088
2017-11-07,0.5991744362595641
2017-11-08,1.14620776770189
2017-11-09,0.6029278393853144
2017-11-10,0.9835168058189847
2017-11-13,0.9545383533822838
2017-11-14,-0.08523596802877398
2017-11-15,-0.3191038661707113
2017-11-16,0.4030660981803713
2017-11-17,-0.019772346628632587
2017-11-20,0.08876485066962037
2017-11-21,0.4324069494250127
2017-11-22,0.22962954386696044
2017-11-24,0.45471389309206245
2017-11-27,0.27135577671737465
2017-11-28,1.6412470692016567
2017-11-29,1.6950005808775037
2017-11-30,2.427229538385345
2017-12-01,2.456502266496563
2017-12-04,2.9173912704416383
2017-12-05,1.698999087266606
2017-12-06,1.9551350408127721
2017-12-07,2.123819777393954
2017-12-08,2.0188301019995913
2017-12-11,2.422335854113067
2017-12-12,2.3704859323245397
2017-12-13,2.3614026185698522
2017-12-14,0.9504994214020401
2017-12-15,1.8940850777016571
2017-12-18,1.60826112903103
2017-12-19,1.485493259456061
2017-12-20,1.5082744824659766
2017-12-21,2.091596724939815
2017-12-22,2.056464341813524
2017-12-26,1.650372774916753
2017-12-27,1.1736752781444482
2017-12-28,1.0357181793916537
2017-12-29,0.35659188246730533
2018-01-02,1.2377715605460304
2018-01-03,2.3020275187499273
2018-01-04,1.800576274100174
2018-01-05,1.969771314717339
2018-01-08,2.4702868202888695
2018-01-09,2.688812167584209
2018-01-10,2.3713294866589463
2018-01-11,3.1386257425447317
2018-01-12,3.9447864204439353
2018-01-16,3.4965816999798838
2018-01-17,4.279750254879922
2018-01-18,4.653633102808574
2018-01-19,4.246961024701301
2018-01-22,4.419732700345724
2018-01-23,4.226887763905163
2018-01-24,3.4409346918688355
2018-01-25,3.3315015048895225
2018-01-26,4.419017987925655
2018-01-29,3.8315570385302644
2018-01-30,1.9826128430819878
2018-01-31,1.3484121970828156
2018-02-01,1.6409621022756005
2018-02-02,-1.4426096140671363
2018-02-05,-5.328391761346385
2018-02-06,-4.097783154823342
2018-02-07,-5.341037850736152
2018-02-08,-9.091869692476218
2018-02-09,-7.68235866278536
2018-02-12,-6.45416923483314
2018-02-13,-7.307326819521931
2018-02-14,-5.428364166488531
2018-02-15,-3.2323210850224826
2018-02-16,-3.243490178163555
2018-02-20,-3.746305785299675
2018-02-21,-2.201199798706077
2018-02-22,2.0770572379895436
2018-02-23,1.9353354556720825
2018-02-26,3.6522154188077582
2018-02-27,6.326230143355294
2018-02-28,3.5990914470042545
2018-03-01,0.8158885542168592
2018-03-02,1.063110697199332
2018-03-05,0.826715778005882
2018-03-06,-0.11277094317515557
2018-03-07,-0.19837348383364706
2018-03-08,0.8360760751916052
2018-03-09,3.1554826696479132
2018-03-12,2.923859820411545
2018-03-13,0.6555527244931358
2018-03-14,-1.0836091523960256
2018-03-15,0.1111402626553959
2018-03-16,1.4068677846438504
2018-03-19,1.3164430269600125
2018-03-20,0.9545750116117135
2018-03-21,-0.3311355634449953
2018-03-22,-3.094805213846896
2018-03-23,-5.080680651312896
2018-03-26,-2.936140227895878
2018-03-27,-6.242441424403489
2018-03-28,-6.396648245431225
2018-03-29,-4.500037970426463
2018-04-02,-6.095698095639901
2018-04-03,-4.836695992108709
2018-04-04,-3.8996951319217654
2018-04-05,-1.8459814517199136
2018-04-06,-4.139583502028021
2018-04-09,-3.6420556577787755
2018-04-10,0.4985455934697347
2018-04-11,2.0836392016257976
2018-04-12,0.20462282071052051
2018-04-13,1.6718849277736592
2018-04-16,2.7961612284069126
2018-04-17,2.48100057935452
2018-04-18,4.909600756038235
2018-04-19,3.0094283692554846
2018-04-20,0.9623056010345188
2018-04-23,0.27977647924770643
2018-04-24,1.155321428160061
2018-04-25,1.0041482343216668
2018-04-26,0.3790174152292103
2018-04-27,1.0491296992267696
2018-04-30,-0.598350594409125
2018-05-01,-0.056469525279523314
2018-05-02,-1.5747766856869738
2018-05-03,-2.832555544470672
2018-05-04,-1.6694725028058244
2018-05-07,-0.761196080397164
2018-05-08,0.06666317121948317
2018-05-09,1.0298506903744453
2018-05-10,3.3595742742621226
2018-05-11,3.3462150488747344
2018-05-14,2.3693821383308222
2018-05-15,1.555857688086859
2018-05-16,2.80999225845433
2018-05-17,2.460825674250411
2018-05-18,2.9328406059939027
2018-05-21,3.927399390811992
2018-05-22,2.2910393403969387
2018-05-23,2.2696744405323432
2018-05-24,2.089882930626663
2018-05-25,0.8725660633333243
2018-05-29,-1.219579371811963
2018-05-30,-0.1360110275248072
2018-05-31,-0.9105793497013015
2018-06-01,0.8545243319994844
2018-06-04,0.8966155609265059
2018-06-05,1.0539937429461022
2018-06-06,2.18874517595109
2018-06-07,1.3669909733224461
2018-06-08,2.0037145248197774
2018-06-11,1.782101423559146
2018-06-12,2.1662462973282004
2018-06-13,1.9953478629934684
2018-06-14,3.4436736484426467
2018-06-15,2.0429440420556277
2018-06-18,2.5313554654433856
2018-06-19,1.0228112132581568
2018-06-20,0.744483721472089
2018-06-21,0.034924330617003285
2018-06-22,-0.6301513156708127
2018-06-25,-1.9239307384934068
2018-06-26,-2.014012083352834
2018-06-27,-2.960819554277494
2018-06-28,-2.5311731883667976
2018-06-29,-2.062955076865436
2018-07-02,-2.004679262099762
2018-07-03,-2.3902203866659977
2018-07-05,-1.3389815232086488
2018-07-06,-0.10026822655551104
2018-07-09,0.6088923579492089
2018-07-10,1.6030489933666958
2018-07-11,0.6947671041932724
2018-07-12,2.989249448854836
2018-07-13,2.873605429186288
2018-07-16,3.6597607820330724
2018-07-17,3.432597899356127
2018-07-18,3.577511523449717
2018-07-19,2.8525219036861227
2018-07-20,3.2658612276188492
2018-07-23,2.571429615473164
2018-07-24,2.19507069301621
2018-07-25,2.2232837793669136
2018-07-26,1.5605761246170191
2018-07-27,1.614984751371673
2018-07-30,0.1540226352522378
2018-07-31,0.5347498134801176
2018-08-01,0.5335134343185333
2018-08-02,0.6289263405171441
2018-08-03,0.8783145452866625
2018-08-06,1.6370177821992682
2018-08-07,2.0208221055524334
2018-08-08,1.806924167610724
2018-08-09,1.1764288753368213
2018-08-10,-0.4493916172125023
2018-08-13,-0.5466194879891861
2018-08-14,0.7499592027869761
2018-08-15,0.5626917861985214
2018-08-16,0.8663880495261456
2018-08-17,1.3069781329086982
2018-08-20,1.055100062959391
2018-08-21,0.7960286584399956
2018-08-22,0.4006455234353057
2018-08-23,-0.051426472388871325
2018-08-24,0.5945340658571663
2018-08-27,1.5124860701294374
2018-08-28,2.2673367969279434
2018-08-29,3.2640781309245748
2018-08-30,2.1539035761067193
2018-08-31,2.9502868679414096
2018-09-04,1.9724081121135884
2018-09-05,1.3497629932669675
2018-09-06,0.735023888276376
2018-09-07,0.3045798753737339
2018-09-10,0.5349742471574048
2018-09-11,1.0819116689651187
2018-09-12,0.4950098967192895
2018-09-13,0.2568404482280018
2018-09-14,0.2574615533283753
2018-09-17,-0.8661514598289566
2018-09-18,0.10961246135126057
2018-09-19,0.221607984780392
2018-09-20,1.1747769891463422
2018-09-21,1.4217960257564277
2018-09-24,1.4356943069091743
2018-09-25,1.5280254067305599
2018-09-26,1.0023877961718775
2018-09-27,0.9041203092915673
2018-09-28,0.8674521966686388
2018-10-01,0.7027801307081694
2018-10-02,0.6351162486488704
2018-10-03,1.2707698698421588
2018-10-04,-0.09296528263167403
2018-10-05,-0.7696143331212602
2018-10-08,-1.5804828115670078
2018-10-09,-1.6838073912761486
2018-10-10,-4.579412681503204
2018-10-11,-6.420378932349191
2018-10-12,-4.777750630598376
2018-10-15,-5.600892244337685
2018-10-16,-3.5710608857988047
2018-10-17,-3.9451683825767025
2018-10-18,-5.290018916136175
2018-10-19,-5.391538569343468
2018-10-22,-5.022384124675616
2018-10-23,-5.020845101661031
2018-10-24,-7.915948731638489
2018-10-25,-6.067686453682553
2018-10-26,-4.558671491341427
2018-10-29,-3.193115303276306
2018-10-30,-3.0537054637837735
2018-10-31,-1.4195921898800035
2018-11-01,-2.4751594351440698
2018-11-02,-3.0666984668287545
2018-11-05,-1.1004846900078857
2018-11-06,-0.44548338379496455
2018-11-07,2.104953771572049
2018-11-08,2.41326089415439
2018-11-09,4.702759685252822
2018-11-12,0.7632402783886549
2018-11-13,2.388018159319061
2018-11-14,2.2841457643161256
2018-11-15,1.773259823382256
2018-11-16,0.9045852478482441
2018-11-19,-1.8114342223860214
2018-11-20,-2.9808377340198144
2018-11-21,-3.2275381530944336
2018-11-23,-4.459888584441741
2018-11-26,-4.990955581063938
2018-11-27,-4.441309234973256
2018-11-28,-1.3383626811841798
2018-11-29,0.4232967258695375
2018-11-30,1.3955726660250356
2018-12-03,3.2865952516675456
2018-12-04,-1.1039484286865409
2018-12-06,-1.473538795513607
2018-12-07,-2.1425412434543767
2018-12-10,-0.1578415452573756
2018-12-11,-0.4962395233081507
2018-12-12,0.7031178776552238
2018-12-13,-0.8569451457854038
2018-12-14,-3.0654283658381187
2018-12-17,-7.210828817074189
2018-12-18,-6.99842206767578
2018-12-19,-9.173710314944373
2018-12-20,-11.5737339492612
2018-12-21,-10.497544499011136
2018-12-24,-12.791409336226556
2018-12-26,-6.280857398939654
2018-12-27,-5.6446476502433836
2018-12-28,-5.728198787915584
2018-12-31,-5.440067595348308
2019-01-02,-5.301183909693863
2019-01-03,-5.848574011038677
2019-01-04,-0.549895127143607
2019-01-07,0.13864014830176075
2019-01-08,2.690509621214532
2019-01-09,4.763680281427551
2019-01-10,7.449247295809847
2019-01-11,10.427459487048619
2019-01-14,4.656562791263141
2019-01-15,4.8806065500657025
2019-01-16,5.244313564572334
2019-01-17,5.150288210303766
2019-01-18,6.401517113341271
2019-01-22,7.557937652427205
2019-01-23,4.216529617605458
2019-01-24,3.633382881840541
2019-01-25,3.5095419921457927
2019-01-28,2.278178385739049
2019-01-29,1.6698502680386973
2019-01-30,3.265851648140017
2019-01-31,4.704155873321936
2019-02-01,3.6865494387618325
2019-02-04,4.157715683651242
2019-02-05,3.8596943807948536
2019-02-06,2.280292506487047
2019-02-07,2.778305290744054
2019-02-08,2.6217455565240577
2019-02-11,2.5534282243323325
2019-02-12,3.001020729821824
2019-02-13,4.129583750969235
2019-02-14,4.004924242424246
2019-02-15,3.526603383002924
2019-02-19,2.797973447727542
2019-02-20,2.8882000199517366
2019-02-21,1.8353169142014236
2019-02-22,2.007889834532639
2019-02-25,2.361244833632914
2019-02-26,3.2464292973152675
2019-02-27,3.120522327429587
2019-02-28,2.7562919772676775
2019-03-01,2.1481165724861917
2019-03-04,1.4449533786409896
2019-03-05,1.5995746122160703
2019-03-06,-0.14951722150166047
2019-03-07,-1.109088554407589
2019-03-08,-1.4949545732035663
2019-03-11,0.3034365450037546
2019-03-12,-0.041179229912591264
2019-03-13,0.5296644266498785
2019-03-14,0.5218511757757893
2019-03-15,1.0779335190769235
2019-03-18,1.739995474934375
2019-03-19,1.0300710848917038
2019-03-20,1.1250317780300056
2019-03-21,2.3382861649310804
2019-03-22,1.0557650327446044
2019-03-25,1.7981541909033893
2019-03-26,2.748380464224387
2019-03-27,0.7929436280673885
2019-03-28,0.8568808391127503
2019-03-29,0.8353137051214654
2019-04-01,2.090454623141347
2019-04-02,1.5858394036450063
2019-04-03,1.4281982675242055
2019-04-04,1.6529159032256713
2019-04-05,2.425793933213649
2019-04-08,1.4322843692204268
2019-04-09,2.766798418972316
2019-04-10,3.210809188238817
2019-04-11,2.4786585582197374
2019-04-12,3.637309873563921
2019-04-15,3.2016310061659947
2019-04-16,2.563505503810326
2019-04-17,1.160020786902849
2019-04-18,1.3179922155104107
2019-04-22,1.2031043363262883
2019-04-23,1.885468797210521
2019-04-24,1.1929865801973305
2019-04-25,1.0498071324725355
2019-04-26,2.143006045445084
2019-04-29,1.8980614290512232
2019-04-30,1.9911228672723214
2019-05-01,0.5613243402203372
2019-05-02,0.41093344530180875
2019-05-03,1.3271139914552865
2019-05-06,1.1039666258684022
2019-05-07,-0.7221956399761753
2019-05-08,-0.981784543857045
2019-05-09,-2.146110005181212
2019-05-10,-1.5663165086685416
2019-05-13,-3.906129855750018
2019-05-14,-3.587561397063832
2019-05-15,-3.1284084769778175
2019-05-16,-2.359606630389388
2019-05-17,-2.1958251958970165
2019-05-20,-2.6491677863390795
2019-05-21,-2.7593324370934535
2019-05-22,-2.598492056184709
2019-05-23,-2.143166727345236
2019-05-24,-1.8531509817949487
2019-05-28,-2.380239103778836
2019-05-29,-3.4143124869854935
2019-05-30,-0.8183166362598526
2019-05-31,-2.9053665489466862
2019-06-03,-3.7359345623930285
2019-06-04,-2.539703510040614
2019-06-05,-1.1673247002129794
2019-06-06,0.11477943687658865
2019-06-07,0.31350807859347185
2019-06-10,1.0664257930797838
2019-06-11,2.249277169907593
2019-06-12,1.9030027671033345
2019-06-13,3.1847815614528985
2019-06-14,3.7355103448771576
2019-06-17,3.614738638726922
2019-06-18,6.020580946636334
2019-06-19,6.631929894878774
2019-06-20,5.383355866541573
2019-06-21,4.398563416662249
2019-06-24,3.582217626930295
2019-06-25,1.5327110609952177
2019-06-26,0.9370464158407588
2019-06-27,1.3584131516571452
2019-06-28,2.150119451080612
2019-07-01,2.513798398140854
2019-07-02,2.9799305849018687
2019-07-03,3.673429838009179
2019-07-05,2.4902750406991636
2019-07-08,1.6911216965207032
2019-07-09,0.8614911752161447
2019-07-10,1.4441815852443307
2019-07-11,1.852411428183398
2019-07-12,3.3039919379717286
2019-07-15,3.44981433052598
2019-07-16,2.705031248717904
2019-07-17,1.450152289785711
2019-07-18,1.0383459331451128
2019-07-19,0.1210894009774588
2019-07-22,-0.36016850144534596
2019-07-23,0.5036098728936844
2019-07-24,1.465414405483978
2019-07-25,0.8068115839886092
2019-07-26,1.0955306758612338
2019-07-29,0.7020210606318189
2019-07-30,-0.01957680911284232
2019-07-31,-1.1253027236837743
2019-08-01,-1.6804037229863789
2019-08-02,-1.7547798232152245
2019-08-05,-5.020516775677697
2019-08-06,-3.1861748767893716
2019-08-07,-3.385225609122866
2019-08-08,-2.24191224667023
2019-08-09,-3.341877624554568
2019-08-12,-3.9924492370999487
2019-08-13,-3.2896432749697557
2019-08-14,-5.9705988473900735
2019-08-15,-5.4951911269821245
2019-08-16,-3.0767888658493336
2019-08-19,-1.0126762280095791
2019-08-20,-1.0756978905543835
2019-08-21,2.8013104888320317
2019-08-22,1.4289828820481798
2019-08-23,-1.2784415980693353
2019-08-26,-2.0322726669366853
2019-08-27,-1.6956469600671653
2019-08-28,0.1452969224100542
2019-08-29,-0.059460346100226324
2019-08-30,3.0226008589734565
2019-09-03,2.06033150723417
2019-09-04,1.699738288768593
2019-09-05,1.7905700066697339
2019-09-06,2.6960775863555053
2019-09-09,1.8465136795888348
2019-09-10,1.9309259481003815
2019-09-11,5.402671480905186
2019-09-12,4.557772080128397
2019-09-13,4.817786390441792
2019-09-16,3.8096359342645547
2019-09-17,2.77373161274439
2019-09-18,2.742904396438006
2019-09-19,3.4587288861668064
2019-09-20,1.847994063544589
2019-09-23,0.5302419354838772
2019-09-24,-0.4065518294832371
2019-09-25,0.21622129779783616
2019-09-26,-0.059408133879756964
2019-09-27,-1.3042623453396018
2019-09-30,-1.0908535106344264
2019-10-01,-2.2325006068384834
2019-10-02,-3.6808363020187085
2019-10-03,-3.1629903183950425
2019-10-04,-1.81991731881479
2019-10-07,-2.2615480296262813
2019-10-08,-3.309080335687342
2019-10-09,-2.4192955364365054
2019-10-10,-0.9596844872918453
2019-10-11,-0.4891335301034805
2019-10-14,-0.3852069773846112
2019-10-15,1.1442404761985214
2019-10-16,0.43503967427456214
2019-10-17,1.9624181617209357
2019-10-18,3.414242228001685
2019-10-21,3.301347131033472
2019-10-22,1.489832351516407
2019-10-23,2.2366348054811747
2019-10-24,4.0521109137038325
2019-10-25,3.533260258957327
2019-10-28,3.4474308488732675
2019-10-29,2.2428937436663965
2019-10-30,2.718001449690677
2019-10-31,1.3980131389200512
2019-11-01,2.582876485521912
2019-11-04,2.6791640954652474
2019-11-05,2.9609537204474012
2019-11-06,2.330113878246065
2019-11-07,2.976979228902632
2019-11-08,2.947559011089962
2019-11-11,2.5485916639260697
2019-11-12,2.292435195447551
2019-11-13,1.797053385185321
2019-11-14,1.9671440190458078
2019-11-15,2.418626939348889
2019-11-18,2.7808504194155814
2019-11-19,1.7369273959783715
2019-11-20,0.9807456785791979
2019-11-21,0.9406040421255257
2019-11-22,1.089125644342448
2019-11-25,1.5707349328078157
2019-11-26,1.53374629818821
2019-11-27,2.1580752896815936
2019-11-29,1.5893448561374424
2019-12-02,0.6409096197851349
2019-12-03,-0.11076557418872035
2019-12-04,-0.24675849073533263
2019-12-05,-0.147340031966392
2019-12-06,0.8246319122614754
2019-12-09,0.8846824472568349
2019-12-10,0.9337724018378957
2019-12-11,1.007623083378073
2019-12-12,1.114678137884395
2019-12-13,0.9004878173041408
2019-12-16,1.1992529244077454
2019-12-17,1.640889149246405
2019-12-18,2.4814780321593455
2019-12-19,3.62634165265745
2019-12-20,3.484367570901692
2019-12-23,3.4188418023821
2019-12-24,2.462562501788046
2019-12-26,3.314774423143141
2019-12-27,3.431741856396764
2019-12-30,2.5356264104939186
2019-12-31,1.9633462413644054
2020-01-02,2.8102120676596787
2020-01-03,1.3598834385624148
2020-01-06,1.683936200869529
2020-01-07,1.4427445991087806
2020-01-08,1.4875037827146498
2020-01-09,1.6602405299855238
2020-01-10,1.2822540873012045
2020-01-13,2.0087609900167003
2020-01-14,1.334604973594944
2020-01-15,1.5206696254961294
2020-01-16,2.965271676874792
2020-01-17,3.0593231355895423
2020-01-21,1.9319489847598792
2020-01-22,2.6863687651668577
2020-01-23,2.441563882351483
2020-01-24,1.800641298908312
2020-01-27,-0.2895743994097866
2020-01-28,0.04702720859925957
2020-01-29,0.24652793728083822
2020-01-30,-0.1359435302132339
2020-01-31,-1.7553264395473889
2020-02-03,-1.227316533355216
2020-02-04,-0.5794724449094124
2020-02-05,0.15226962836600855
2020-02-06,0.7525317770771478
2020-02-07,0.17942349665085455
2020-02-10,0.7983665810665341
2020-02-11,1.8898669992444272
2020-02-12,4.187283999716351
2020-02-13,2.9820770151149034
2020-02-14,3.2614407038553006
2020-02-18,2.6382146750881574
2020-02-19,4.97997222153328
2020-02-20,3.8261945508045736
2020-02-21,1.2178591031632102
2020-02-24,-3.262672092458374
2020-02-25,-6.502818475811322
2020-02-26,-6.350312977993877
2020-02-27,-11.137230802275589
2020-02-28,-12.0178691087782
2020-03-02,-8.558197339803808
2020-03-03,-10.983301422076275
2020-03-04,-7.397282968853547
2020-03-05,-10.276563737838584
2020-03-06,-12.219777623554783
2020-03-09,-18.577742994103573
2020-03-10,-13.647517039922107
2020-03-11,-15.01942099699617
2020-03-12,-20.70097595749646
2020-03-13,-13.007678756509932
2020-03-16,-19.895191287649894
2020-03-17,-14.387215576361944
2020-03-18,-22.397362008653076
2020-03-19,-19.777117038526725
2020-03-20,-26.363206522433636
2020-03-23,-26.010436715014183
2020-03-24,-17.664018947842962
2020-03-25,-9.866888034486776
2020-03-26,-8.748781325570821
2020-03-27,-7.292312630864761
2020-03-30,5.885981037151722
2020-03-31,-4.663558365486042
2020-04-01,3.5358509385490233
2020-04-02,-0.09054282201020891
2020-04-03,3.775905925524392
2020-04-06,10.554123657855307
2020-04-07,15.379709491001847
2020-04-08,22.909627245910436
2020-04-09,13.994434751341277
2020-04-13,11.55576919969623
2020-04-14,8.21232894941959
2020-04-15,9.517720059650525
2020-04-16,6.582529076961152
2020-04-17,11.219187569401722
2020-04-20,14.274843149160077
2020-04-21,8.29712295698286
2020-04-22,12.483073152110569
2020-04-23,5.035139356078822
2020-04-24,6.668020350378456
2020-04-27,4.672761256445512
2020-04-28,2.6370876974141533
2020-04-29,6.441123539358995
2020-04-30,2.3319958117537842
2020-05-01,1.7011813060473724
2020-05-04,1.542747941633471
2020-05-05,-0.21290214850272493
2020-05-06,0.8947420620864621
2020-05-07,5.285102464407876
2020-05-08,4.661505871089666
2020-05-11,4.736578740438913
2020-05-12,1.176702834944332
2020-05-13,-2.0316278035629964
2020-05-14,-0.3803184337446086
2020-05-15,-2.5790012621151326
2020-05-18,1.424240239250385
2020-05-19,3.2581931741506587
2020-05-20,4.53330237728391
2020-05-21,2.7914127539708122
2020-05-22,3.7575217137922
2020-05-26,3.8379974940909722
2020-05-27,3.629257969827293
2020-05-28,3.3924622566818607
2020-05-29,6.06908421947514
2020-06-01,8.35921985815602
2020-06-02,8.004206836108674
2020-06-03,9.050179837273454
2020-06-04,5.363738231699688
2020-06-05,9.271144806256704
2020-06-08,8.775714175144111
2020-06-09,8.772905637084483
2020-06-10,7.940922702126585
2020-06-11,0.34528055298368443
2020-06-12,0.17061193031917554
2020-06-15,1.2166100609625419
2020-06-16,2.641977985159194
2020-06-17,1.890219358385714
2020-06-18,1.1204809109263136
2020-06-19,-0.8047084893063161
2020-06-22,0.1770366443362814
2020-06-23,-1.9612201895470416
2020-06-24,-5.632364906462395
2020-06-25,-3.8482405103548833
2020-06-26,-5.676553380102433
2020-06-29,1.7034742347023624
2020-06-30,1.9392958955187112
2020-07-01,1.606670601547644
2020-07-02,0.16865403201546947
2020-07-06,2.127194884197481
2020-07-07,0.9623347692386819
2020-07-08,2.3307314364666043
2020-07-09,1.0965854785012885
2020-07-10,1.7165449383480968
2020-07-13,3.438644343398911
2020-07-14,3.6890030352556558
2020-07-15,7.228527276050567
2020-07-16,5.316647233758243
2020-07-17,4.013818062181285
2020-07-20,4.364124190432173
2020-07-21,4.066760170095307
2020-07-22,3.028568553205946
2020-07-23,2.872203782127092
2020-07-24,1.4413522022498793
2020-07-27,2.771529639440984
2020-07-28,1.0486524502047123
2020-07-29,3.2714042127014897
2020-07-30,1.523055367910131
2020-07-31,1.3810373896657735
2020-08-03,2.4580400986450313
2020-08-04,2.5360262719669624
2020-08-05,2.33498573115527
2020-08-06,2.8201270991311755
2020-08-07,2.2972997722846777
2020-08-10,3.8573274077004394
2020-08-11,3.671442299020722
2020-08-12,4.350792273901738
2020-08-13,4.815687103068567
2020-08-14,3.5111894035182445
2020-08-17,4.182402917855232
2020-08-18,3.6275037296094492
2020-08-19,2.4354931236170607
2020-08-20,2.3892261024463846
2020-08-21,2.085180165696543
2020-08-24,2.4519581029273096
2020-08-25,2.7553651142250057
2020-08-26,3.519150595006071
2020-08-27,4.525315791210338
2020-08-28,3.7765320159155236
2020-08-31,3.7611570419424867
2020-09-01,4.559941888907004
2020-09-02,5.879674392887035
2020-09-03,1.925788694251529
2020-09-04,1.5440686252722324
2020-09-08,-1.5852855256667353
2020-09-09,0.05298543489267171
2020-09-10,-2.68383810123336
2020-09-11,-2.9808747771240762
2020-09-14,-2.7363434356791116
2020-09-15,-2.3919874876239478
2020-09-16,-3.4925784134024807
2020-09-17,-4.0939231096674185
2020-09-18,-5.874696950363667
2020-09-21,-8.371778688799282
2020-09-22,-4.037267080745332
2020-09-23,-5.54543968998763
2020-09-24,-2.5586462735305404
2020-09-25,-2.956786781839149
2020-09-28,0.3716470161925445
2020-09-29,-0.1646228490528201
2020-09-30,-0.6070565147744622
2020-10-01,-0.5997883100082202
2020-10-02,-1.0943762941258095
2020-10-05,1.537677874060539
2020-10-06,1.2495970742317342
2020-10-07,4.217844233266077
2020-10-08,3.958896961910008
2020-10-09,7.420943365915744
2020-10-12,8.859449453118495
2020-10-13,6.471808055880612
2020-10-14,4.089688506981748
2020-10-15,4.43325828144161
2020-10-16,3.5923282783229205
2020-10-19,1.3641741599621282
2020-10-20,2.82758538304404
2020-10-21,0.7900534818974236
2020-10-22,2.7533881789375103
2020-10-23,1.3434909122812089
2020-10-26,-1.3304978777601506
2020-10-27,-2.486245840678958
2020-10-28,-7.446904833315404
2020-10-29,-5.7466976847488365
2020-10-30,-6.269151281147256
2020-11-02,-4.969368479677561
2020-11-03,-3.2909372210309984
2020-11-04,0.48206552822942506
2020-11-05,1.9554938544111167
2020-11-06,2.150449999417847
2020-11-09,2.8090424469160213
2020-11-10,2.312582422180487
2020-11-11,5.048265641861005
2020-11-12,4.315653497233596
2020-11-13,9.603091381002304
2020-11-16,9.570678920035892
2020-11-17,10.384530697623218
2020-11-18,7.780402629416594
2020-11-19,6.313443113416994
2020-11-20,3.3135469181980737
2020-11-23,1.9125753108576005
2020-11-24,3.5894615665177376
2020-11-25,2.2292634840163306
2020-11-27,2.617944284775464
2020-11-30,1.370687386988978
2020-12-01,3.546498313547297
2020-12-02,2.3390932039105694
2020-12-03,1.0976285598484736
2020-12-04,2.4820405980833904
2020-12-07,3.4803057354833022
2020-12-08,3.3608143232445764
2020-12-09,3.2404414286276495
2020-12-10,2.5299153899692284
2020-12-11,0.7715773461590247
2020-12-14,0.4915074456214752
2020-12-15,1.5465801805763624
2020-12-16,2.1962486504695455
2020-12-17,1.6390667449385
2020-12-18,1.1011144695707964
2020-12-21,0.7690797224767731
2020-12-22,-0.32061679534590715
2020-12-23,-0.05281747364542788
2020-12-24,0.02187858734552517
2020-12-28,1.702778791228532
2020-12-29,1.6068264223985107
2020-12-30,1.8720007861420696
2020-12-31,2.9768416088872263
2021-01-04,0.16321028955617045
2021-01-05,0.6941048371190695
2021-01-06,0.6893253959725731
2021-01-07,2.544339935461437
2021-01-08,3.5118487003778176
2021-01-11,3.046977972803644
2021-01-12,3.012999964769736
2021-01-13,2.883561162930115
2021-01-14,1.6110896941660124
2021-01-15,1.105703185369622
2021-01-19,1.791781438569795
2021-01-20,2.5500057240679608
2021-01-21,4.118735897747694
2021-01-22,3.075242965928404
2021-01-25,2.860618866958009
2021-01-26,1.2048509512880612
2021-01-27,-1.9324492506562652
2021-01-28,-0.321875139816985
2021-01-29,-2.2874415643522217
2021-02-01,-0.9443966150809446
2021-02-02,0.8106883342027693
2021-02-03,1.643203078352018
2021-02-04,1.9171288606468773
2021-02-05,0.9081350519880127
2021-02-08,1.622602236658044
2021-02-09,1.8159714900806367
2021-02-10,1.4141351261620194
2021-02-11,1.7341971415360424
2021-02-12,4.907259042809864
2021-02-16,3.8340488675548734
2021-02-17,5.844802705264063
2021-02-18,3.712644348227001
2021-02-19,2.1012411435560763
2021-02-22,1.2096068842897267
2021-02-23,0.24872537928684046
2021-02-24,0.993097202604698
2021-02-25,-2.2027331768647906
2021-02-26,-2.558785855089063
2021-03-01,-0.20614443410027494
2021-03-02,-1.1768520930042548
2021-03-03,-2.9254122795648096
2021-03-04,-4.1733310617176
2021-03-05,-2.273785207550627
2021-03-08,-2.366395245747921
2021-03-09,-0.8004177428066028
2021-03-10,0.5755191538759252
2021-03-11,1.4935448050559463
2021-03-12,0.4562557477779672
2021-03-15,3.6455368288007772
2021-03-16,3.9767524238090823
2021-03-17,1.8529814291792013
2021-03-18,1.1670960057256652
2021-03-19,2.4446818091378386
2021-03-22,4.567370842808893
2021-03-23,1.785035685096581
2021-03-24,1.7739803995969972
2021-03-25,0.8793840183308088
2021-03-26,1.9423875490213627
2021-03-29,0.8059725740860113
2021-03-30,0.3857136336202327
2021-03-31,0.09952279449927381
2021-04-01,1.4424472141539413
2021-04-05,2.6116473584089084
2021-04-06,4.047544860629393
2021-04-07,4.263882855025436
2021-04-08,3.9735166561352564
2021-04-09,5.581866350255216
2021-04-12,6.1414605799739785
2021-04-13,5.936022836563071
2021-04-14,3.777040865106396
2021-04-15,5.019528643269222
2021-04-16,5.732402015889648
2021-04-19,4.791725922439349
2021-04-20,2.8625303803356816
2021-04-21,2.3421311407068934
2021-04-22,1.4983038532722537
2021-04-23,2.4564026519932947
2021-04-26,2.207621358156975
2021-04-27,1.4028289091261303
2021-04-28,1.3369702930482008
2021-04-29,1.6872746940184813
2021-04-30,1.3700523194639214
2021-05-03,0.5332796217167424
2021-05-04,-0.497196252750598
2021-05-05,0.10400503451621912
2021-05-06,1.6125989736247792
2021-05-07,1.418021670476488
2021-05-10,1.2926301941001084
2021-05-11,-0.6715037905156929
2021-05-12,-2.974959523547982
2021-05-13,-1.7727481178583804
2021-05-14,-0.22303606347323646
2021-05-17,-1.1440185968319971
2021-05-18,-1.2757194756491619
2021-05-19,-1.8360658865731905
2021-05-20,-0.13302406438940872
2021-05-21,-0.2814576289894233
2021-05-24,-0.10876757060370723
2021-05-25,-1.0506544440769372
2021-05-26,0.18049722688453507
2021-05-27,1.174827195876782
2021-05-28,3.4720307946759066
2021-06-01,2.177264437689974
2021-06-02,0.821064484828149
2021-06-03,0.7100153964773259
2021-06-04,2.472485543251546
2021-06-07,2.693115110990174
2021-06-08,1.6383273384754649
2021-06-09,1.532534782211159
2021-06-10,1.0038002882977404
2021-06-11,1.4161451530874114
2021-06-14,1.4099175641505202
2021-06-15,1.0881053493553727
2021-06-16,0.46597258397140795
2021-06-17,0.471675662297355
2021-06-18,-0.9902284155394847
2021-06-21,0.7617730183526517
2021-06-22,0.3912631297740443
2021-06-23,0.3624731457558372
2021-06-24,0.9280242994279986
2021-06-25,1.449206668957581
2021-06-28,1.213206327638816
2021-06-29,1.0443937995592734
2021-06-30,0.9952645617663292
2021-07-01,1.7272682316870513
2021-07-02,3.045670857305205
2021-07-06,2.882141994286891
2021-07-07,4.600559229079915
2021-07-08,2.2730123864144636
2021-07-09,2.8991343337007036
2021-07-12,3.3662278633800335
2021-07-13,2.4075996896746554
2021-07-14,2.1865582731796396
2021-07-15,1.6179517597730841
2021-07-16,0.8238967333053626
2021-07-19,-0.9077370564281595
2021-07-20,0.0722232253225874
2021-07-21,0.14589852814805848
2021-07-22,0.5511633368174174
2021-07-23,1.231262032110103
2021-07-26,2.3486282696340233
2021-07-27,0.7302811502328588
2021-07-28,0.3651391337467613
2021-07-29,1.1429983910134611
2021-07-30,0.4791623802665512
2021-08-02,0.6222434249305575
2021-08-03,2.218314090535123
2021-08-04,3.385472315304261
2021-08-05,2.452892164346543
2021-08-06,1.785628250690019
2021-08-09,1.4852958685557915
2021-08-10,0.5657567563279287
2021-08-11,0.5743617574565096
2021-08-12,1.3488706020275076
2021-08-13,1.5306864456078983
2021-08-16,1.3703992849303681
2021-08-17,1.20174915704645
2021-08-18,0.29882657573465643
2021-08-19,-0.39225438884051833
2021-08-20,0.8860552484180051
2021-08-23,1.1386060373439255
2021-08-24,1.1204728030077327
2021-08-25,1.4403194693559662
2021-08-26,0.749422437595082
2021-08-27,1.386559345279581
2021-08-30,1.5234832979512891
2021-08-31,1.2238137869292842
2021-09-01,0.9906891294302556
2021-09-02,1.997940684520061
2021-09-03,3.071629695450495
2021-09-07,2.5927186890008613
2021-09-08,1.6300175384483584
2021-09-09,0.3069518453944875
2021-09-10,-0.6163304155159199
2021-09-13,-0.6107393148421236
2021-09-14,-0.6029082774049122
2021-09-15,-0.6357872607481774
2021-09-16,-1.2153356636099288
2021-09-17,-1.983116205435731
2021-09-20,-3.6772035923246515
2021-09-21,-4.028256868601154
2021-09-22,-3.082177434113187
2021-09-23,-1.5718922219542852
2021-09-24,-1.2979417687364214
2021-09-27,-1.1165562795997563
2021-09-28,-2.37631712338906
2021-09-29,-2.445213740816732
2021-09-30,-3.049931916138693
2021-10-01,-2.7598366326689994
2021-10-04,-3.8734842134674485
2021-10-05,-1.968648699861708
2021-10-06,0.13355577330400603
2021-10-07,1.0465781236004945
2021-10-08,-0.09782420762391997
2021-10-11,-1.9732612868567645
2021-10-12,-2.3528329158698957
2021-10-13,-1.785010949537591
2021-10-14,1.967316312206635
2021-10-15,2.5670610580209363
2021-10-18,4.153646861085458
2021-10-19,3.731661862181679
2021-10-20,5.481506629523336
2021-10-21,4.695654575076147
2021-10-22,4.156019754557638
2021-10-25,3.789297598050778
2021-10-26,4.177540340761587
2021-10-27,4.367844556187661
2021-10-28,5.649040947904349
2021-10-29,5.536000733305824
2021-11-01,3.9522245204201667
2021-11-02,3.56221918561872
2021-11-03,3.8807879709169324
2021-11-04,3.549626849985521
2021-11-05,3.5567293257116717
2021-11-08,3.3390625480792524
2021-11-09,3.088076745362933
2021-11-10,1.7569331301133584
2021-11-11,1.6280528723722876
2021-11-12,2.881793096175489
2021-11-15,1.8792886637861717
2021-11-16,2.0740959486513555
2021-11-17,1.6256039118532462
2021-11-18,1.5956723138220497
2021-11-19,0.8022623842148136
2021-11-22,0.061537672593914294
2021-11-23,-0.14539555894267364
2021-11-24,-0.00510453665695243
2021-11-26,-1.9343684968785024
2021-11-29,0.18421635953180804
2021-11-30,-1.7695251082428087
2021-12-01,-3.6262105341832496
2021-12-02,-2.2571965490732038
2021-12-03,-3.4561466953136444
2021-12-06,-2.0688169566209558
2021-12-07,-0.3781453659656431
2021-12-08,0.06917896278384461
2021-12-09,-0.3307751113616586
2021-12-10,0.45451638348221746
2021-12-13,-0.6910619254444361
2021-12-14,0.8590481911453063
2021-12-15,1.1724346815544573
2021-12-16,2.226187869498575
2021-12-17,2.3842022228918847
2021-12-20,-0.19837888619431698
2021-12-21,2.441372897676053
2021-12-22,2.284354058545146
2021-12-23,0.8329866111911333
2021-12-27,1.9139753382639624
2021-12-28,2.5474295386131773
2021-12-29,1.7198568766686018
2021-12-30,2.3508396926945174
2021-12-31,2.850397812731309
2022-01-03,1.841035277131975
2022-01-04,2.67463753060293
2022-01-05,1.730063367845136
2022-01-06,2.802746047521687
2022-01-07,0.597948477489818
2022-01-10,-0.5593455635614197
2022-01-11,-0.26916134656851387
2022-01-12,-1.353317234340512
2022-01-13,-2.660064558588504
2022-01-14,-2.716636136413897
2022-01-18,-4.219112609417142
2022-01-19,-4.897423093546616
2022-01-20,-6.542814016711995
2022-01-21,-8.252773524368218
2022-01-24,-6.179024716098858
2022-01-25,-7.2316095441913975
2022-01-26,-6.993754583571188
2022-01-27,-7.360998995779699
2022-01-28,-5.96681144137472
2022-01-31,-4.460101346705181
2022-02-01,-2.414451076726265
2022-02-02,-1.5756457960260373
2022-02-03,-2.177574932654014
2022-02-04,-0.711045808734645
2022-02-07,0.025430931597503204
2022-02-08,2.810406690405065
2022-02-09,4.014620884191622
2022-02-10,3.388768377922391
2022-02-11,1.5795656481828457
2022-02-14,1.7371969555137978
2022-02-15,0.8849577490212646
2022-02-16,-0.8977865376310734
2022-02-17,-3.6572866399503745
2022-02-18,-5.2405771585704475
2022-02-22,-3.8566680960548716
2022-02-23,-6.111058030943017
2022-02-24,-4.352713169650324
2022-02-25,-3.027508326809014
2022-02-28,-4.6486076412959765
2022-03-01,-4.392017903767242
2022-03-02,-0.7264678724675511
2022-03-03,-0.8673980557379446
2022-03-04,-3.1804467387001267
2022-03-07,-6.1211036399918655
2022-03-08,-4.784190892778062
2022-03-09,-1.632378066026341
2022-03-10,-1.0509296685529468
2022-03-11,-0.5014791148976405
2022-03-14,-2.6952223284445243
2022-03-15,-2.7869955412632708
2022-03-16,-0.3676319291073926
2022-03-17,2.447831761203445
2022-03-18,1.745795091347624
2022-03-21,2.2388042598928903
2022-03-22,4.221424990817457
2022-03-23,6.073423801918065
2022-03-24,8.378929196537754
2022-03-25,6.198864858294306
2022-03-28,7.41867628277364
2022-03-29,10.163142108931078
2022-03-30,10.288250249813702
2022-03-31,6.286525355136141
2022-04-01,4.314044049143395
2022-04-04,3.8754031919885357
2022-04-05,1.3891627381741989
2022-04-06,0.4476394137873596
2022-04-07,-0.2526814152818968
2022-04-08,0.7189917957740155
2022-04-11,-2.3811104031715713
2022-04-12,-3.205108451132066
2022-04-13,-2.8178217994894617
2022-04-14,-5.160419725364884
2022-04-18,-4.579300155352051
2022-04-19,-1.5053825150483036
2022-04-20,-1.9008504441403784
2022-04-21,-4.123823822076367
2022-04-22,-5.598525563962953
2022-04-25,-4.12907401001974
2022-04-26,-7.2221074127651885
2022-04-27,-6.780325648132468
2022-04-28,-2.8335218117497174
2022-04-29,-6.038044775949691
2022-05-02,-6.5490634396245255
2022-05-03,-4.942642040345236
2022-05-04,-2.083935796925551
2022-05-05,-7.066901826673333
2022-05-06,-7.537028108847499
2022-05-09,-9.159106530773887
2022-05-10,-6.337639110628346
2022-05-11,-8.401534407791223
2022-05-12,-5.870856485916843
2022-05-13,-3.825801393894779
2022-05-16,-6.518717201166179
2022-05-17,-1.042612048122804
2022-05-18,-5.575904008778987
2022-05-19,-6.578644850412396
2022-05-20,-9.274284505031194
2022-05-23,-4.17471490545881
2022-05-24,-4.41050216572002
2022-05-25,-0.3134364257724398
2022-05-26,1.4193774134289683
2022-05-27,5.668355704186334
2022-05-31,5.141625615763545
2022-06-01,1.922020731182994
2022-06-02,4.211815838782829
2022-06-03,0.48155349303593553
2022-06-06,5.039911511642137
2022-06-07,6.662496571207388
2022-06-08,5.495775832017569
2022-06-09,1.1090279962252314
2022-06-10,-1.0305773465804746
2022-06-13,-5.758118796701462
2022-06-14,-7.9441279104154
2022-06-15,-8.855910192773864
2022-06-16,-11.262417869632024
2022-06-17,-10.39663710642903
2022-06-21,-9.86468174352737
2022-06-22,-8.485982855223517
2022-06-23,-7.902596914177851
2022-06-24,-5.983156599402029
2022-06-27,-5.239845763976126
2022-06-28,-4.884987381216677
2022-06-29,-2.1028696236214617
2022-06-30,0.9534274048372815
2022-07-01,2.4053133733817234
2022-07-05,1.0923511671534714
2022-07-06,4.862862955680347
2022-07-07,6.198365098888647
2022-07-08,3.574966996831175
2022-07-11,2.5144352627337385
2022-07-12,0.6077882251898981
2022-07-13,-2.8110252726408103
2022-07-14,-2.8135103881685386
2022-07-15,1.0888252148997024
2022-07-18,0.3147560902161173
2022-07-19,3.997220886674513
2022-07-20,3.517866432438521
2022-07-21,4.373347531835714
2022-07-22,3.0311462960458613
2022-07-25,1.6455611870999531
2022-07-26,0.5557293723617684
2022-07-27,4.389235243602818
2022-07-28,6.641615167068182
2022-07-29,8.640952395982925
2022-08-01,8.66008157493443
2022-08-02,5.9026807069859855
2022-08-03,8.466006238824297
2022-08-04,5.467791469483241
2022-08-05,4.6791585646102085
2022-08-08,3.5286762775228686
2022-08-09,4.059945022629585
2022-08-10,6.13586633189136
2022-08-11,7.299575368842537
2022-08-12,6.375866448288958
2022-08-15,5.517835788460457
2022-08-16,4.234811599185528
2022-08-17,3.773342106477151
2022-08-18,4.706454601228494
2022-08-19,1.7643080788511512
2022-08-22,-0.3359875142704305
2022-08-23,-0.3970867439128223
2022-08-24,0.017149509910474592
2022-08-25,1.859322202465985
2022-08-26,-3.6240214334574694
2022-08-29,-4.198922341565914
2022-08-30,-6.868684508720479
2022-08-31,-7.9620398683775795
2022-09-01,-7.8591006225030124
2022-09-02,-8.18382607556316
2022-09-06,-8.76687193900656
2022-09-07,-5.879417663084596
2022-09-08,-3.185362941911407
2022-09-09,-1.4864134976130594
2022-09-12,-0.7331969657817461
2022-09-13,-6.344900836365708
2022-09-14,-2.751585889404229
2022-09-15,-3.206958748179556
2022-09-16,-2.8305436811367324
2022-09-19,-1.3934260429835699
2022-09-20,-2.7961732861086275
2022-09-21,-3.4230657499758066
2022-09-22,-3.8432113075362317
2022-09-23,-7.2022452994695785
2022-09-26,-8.764958139674206
2022-09-27,-10.32782935368397
2022-09-28,-9.521434601414459
2022-09-29,-7.430537367552493
2022-09-30,-9.133022977640714
2022-10-03,-5.713919540671819
2022-10-04,-2.127368440076116
2022-10-05,-2.990084335712029
2022-10-06,-2.889315936751957
2022-10-07,-3.9649808835519385
2022-10-10,-3.874411587045201
2022-10-11,-2.826523124744462
2022-10-12,-2.1343131675713445
2022-10-13,0.6201864946302482
2022-10-14,-3.6560510239201482
2022-10-17,1.0295373948968178
2022-10-18,3.7471901651597195
2022-10-19,0.454813602542381
2022-10-20,-3.301300736230939
2022-10-21,-0.8069717282358169
2022-10-24,1.410594682362487
2022-10-25,6.029409340432901
2022-10-26,6.040599160112836
2022-10-27,6.087203664693885
2022-10-28,9.058632440879721
2022-10-31,5.506129578109542
2022-11-01,7.620001841995827
2022-11-02,2.2224336926820687
2022-11-03,-0.00241936784606267
2022-11-04,2.0402364173675913
2022-11-07,3.846930257680503
2022-11-08,2.008127373259616
2022-11-09,-1.2843200766852636
2022-11-10,2.5202702177445024
2022-11-11,4.237717328877988
2022-11-14,3.9384865915478073
2022-11-15,2.3242400783376915
2022-11-16,2.2420053822592045
2022-11-17,2.3458935193589436
2022-11-18,5.469865866600698
2022-11-21,6.184322654702168
2022-11-22,6.180265478511093
2022-11-23,5.791215719239262
2022-11-25,5.172526390307475
2022-11-28,5.74539090906665
2022-11-29,0.0318473752454862
2022-11-30,2.1833590871866093
2022-12-01,3.015225219533768
2022-12-02,2.0033920129868488
2022-12-05,1.0116727585954388
2022-12-06,-0.13429417011270317
2022-12-07,-0.7923658500910369
2022-12-08,0.3435495222712248
2022-12-09,-1.7284530345340832
2022-12-12,-0.9112895616374517
2022-12-13,-0.1607006249192744
2022-12-14,0.7916366039849354
2022-12-15,-1.5635620308113718
2022-12-16,-5.581957349189115
2022-12-19,-6.351172677029959
2022-12-20,-6.14190632905175
2022-12-21,-3.010873153214433
2022-12-22,-3.016040555558386
2022-12-23,-2.2649164192459437
2022-12-27,-3.3874015708299066
2022-12-28,-3.842028477167947
2022-12-29,-3.5403552383625247
2022-12-30,-4.4817334842585765
2023-01-03,-4.284512880069691
2023-01-04,-1.0981197458769243
2023-01-05,-1.1489061250765875
2023-01-06,2.0279438189885868
2023-01-09,1.8439823949006007
2023-01-10,1.0522271841255648
2023-01-11,3.8515169828301277
2023-01-12,3.5983479070541557
2023-01-13,4.435333289808718
2023-01-17,5.491353926020692
2023-01-18,2.067399617590815
2023-01-19,1.5457741893475596
2023-01-20,3.8824415424121517
2023-01-23,4.330166079673603
2023-01-24,5.4843622804023
2023-01-25,3.1100773283218697
2023-01-26,4.325182613968326
2023-01-27,3.860687631562154
2023-01-30,1.2132174193434597
2023-01-31,2.345619192753512
2023-02-01,3.003683337959373
2023-02-02,4.730428943339593
2023-02-03,5.284484557861546
2023-02-06,5.443399976916274
2023-02-07,4.81773947102786
2023-02-08,2.439170010522873
2023-02-09,1.6069405892530364
2023-02-10,1.8485043150026748
2023-02-13,1.8929029684048304
2023-02-14,1.6108348728430588
2023-02-15,3.231394529801368
2023-02-16,0.33876269440220597
2023-02-17,-0.9739731647573135
2023-02-21,-4.364365418110127
2023-02-22,-3.5157912041155592
2023-02-23,-2.4022884497504227
2023-02-24,-4.658021133525459
2023-02-27,-3.293458252587511
2023-02-28,-2.7281636653191166
2023-03-01,-3.3998621181969835
2023-03-02,-3.769133901660271
2023-03-03,-2.1877939039633754
2023-03-06,-2.391262416819373
2023-03-07,-2.5435103082576016
2023-03-08,-2.134789867347864
2023-03-09,-1.9768145816968286
2023-03-10,-3.2437579083198664
2023-03-13,-3.901981895761053
2023-03-14,-1.2783246516407942
2023-03-15,-2.267819116878944
2023-03-16,-0.2486052164275887
2023-03-17,-0.8794373625483742
2023-03-20,-0.7479874916799467
2023-03-21,-1.05718749073076
2023-03-22,-2.75292583279404
2023-03-23,-0.9444682756492795
2023-03-24,-0.5265517871949288
2023-03-27,1.5111068008738515
2023-03-28,2.840280816969165
2023-03-29,4.4621553208705755
2023-03-30,3.3562201317075324
2023-03-31,5.585403642922682
2023-04-03,4.14692900501985
2023-04-04,4.696883042607958
2023-04-05,3.5127809959079492
2023-04-06,2.551918998118863
2023-04-10,4.372398062469363
2023-04-11,4.0575173727182445
2023-04-12,3.046091780639082
2023-04-13,4.241074234512365
2023-04-14,4.189339934076508
2023-04-17,3.0664306409686537
2023-04-18,2.568362533110502
2023-04-19,1.1001847025412959
2023-04-20,0.12801520665484123
2023-04-21,0.8028093449738982
2023-04-24,1.1407253115847338
2023-04-25,-0.813394331818118
2023-04-26,-1.2927373567512168
2023-04-27,0.6427448441690853
2023-04-28,1.894695682987324
2023-05-01,0.5221623551089793
2023-05-02,-0.4364806991425163
2023-05-03,-1.4590539876472963
2023-05-04,-2.2539814723445017
2023-05-05,-0.43976199416539963
2023-05-08,0.2017051714493956
2023-05-09,-0.34716174108266884
2023-05-10,0.014503123005837892
2023-05-11,1.448805515235918
2023-05-12,1.6787516734508845
2023-05-15,0.022489027530903094
2023-05-16,-1.4289551694695701
2023-05-17,-0.2183369442904759
2023-05-18,1.9048058297205017
2023-05-19,2.4746073458412177
2023-05-22,3.2357271952762945
2023-05-23,0.22556663644606179
2023-05-24,-0.5529080838641676
2023-05-25,0.7795259724653114
2023-05-26,1.6388569329375935
2023-05-30,1.8132871094412195
2023-05-31,1.351816647591697
2023-06-01,2.0487007649385713
2023-06-02,4.196452468429901
2023-06-05,2.765721595567916
2023-06-06,2.0438060528102486
2023-06-07,1.8020124141813865
2023-06-08,2.4161445202653287
2023-06-09,3.6974319636817965
2023-06-12,5.435648953645478
2023-06-13,5.244888323601415
2023-06-14,3.974366595726986
2023-06-15,5.238828967642517
2023-06-16,5.496874274791086
2023-06-20,3.9727364475884874
2023-06-21,1.9456515901241644
2023-06-22,2.5293708862625497
2023-06-23,1.5051880901525427
2023-06-26,1.436431463707244
2023-06-27,1.9674284396811181
2023-06-28,1.8144345245018512
2023-06-29,1.325441986849274
2023-06-30,1.8624356547593202
2023-07-03,1.8981884878298771
2023-07-05,0.4740343076116593
2023-07-06,0.04535569066512757
2023-07-07,0.2333259659444309
2023-07-10,1.004194067833497
2023-07-11,1.3092524002199957
2023-07-12,2.847759944622408
2023-07-13,4.186360255219679
2023-07-14,2.9008247286115285
2023-07-17,3.334125377553776
2023-07-18,3.606099480488756
2023-07-19,2.591688799608116
2023-07-20,1.779337865467867
2023-07-21,2.013123985229903
2023-07-24,3.2425950734315867
2023-07-25,3.830686868457245
2023-07-26,3.56545935734649
2023-07-27,2.2109540779319037
2023-07-28,2.4612267897391904
2023-07-31,1.7498736153116257
2023-08-01,1.5827603197925866
2023-08-02,-0.20783631342600195
2023-08-03,-1.1655374996157875
2023-08-04,-1.9206171206293976
2023-08-07,-0.3623036603033869
2023-08-08,-0.8147537442078856
2023-08-09,-1.9086030948659016
2023-08-10,-2.1594058842332564
2023-08-11,-2.2488640718234976
2023-08-14,-1.0510401308235218
2023-08-15,-3.1506493563177695
2023-08-16,-4.023351696244903
2023-08-17,-4.509114586178342
2023-08-18,-3.1834164563665057
2023-08-21,-2.2683806134756734
2023-08-22,-2.020531349722976
2023-08-23,-1.8243021927921932
2023-08-24,-2.735265747725235
2023-08-25,-1.3877355513227108
2023-08-28,-0.7948389175690185
2023-08-29,0.7522317178346949
2023-08-30,0.5601685628502384
2023-08-31,1.5728301478640683
2023-09-01,2.530237289213133
2023-09-05,2.8938119514182015
2023-09-06,2.1916786239819075
2023-09-07,1.1675610315993845
2023-09-08,1.5940559081947692
2023-09-11,1.159826059905189
2023-09-12,1.9557572475441543
2023-09-13,1.4011362527265758
2023-09-14,1.6193318310697924
2023-09-15,-1.051887327325729
2023-09-18,-1.3586216214420355
2023-09-19,-1.413371904713312
2023-09-20,-2.51496422537022
2023-09-21,-3.7099467847350187
2023-09-22,-3.256536811272226
2023-09-25,-2.5544017936978136
2023-09-26,-4.126986263569854
2023-09-27,-4.745446198963332
2023-09-28,-3.6352226629911
2023-09-29,-4.015498809161389
2023-10-02,-4.810326074892901
2023-10-03,-4.963013895629976
2023-10-04,-4.26133875824346
2023-10-05,-4.180065032234836
2023-10-06,-2.1284812139384823
2023-10-09,0.13071593533486858
2023-10-10,0.883784021518208
2023-10-11,0.910905972186371
2023-10-12,1.780261282827067
2023-10-13,1.2462247134759297
2023-10-16,1.719422285275729
2023-10-17,1.9857510989843785
2023-10-18,0.6111850834462418
2023-10-19,1.1479033916939496
2023-10-20,-0.9285253591322262
2023-10-23,-0.9663730364309675
2023-10-24,-1.4116281768596917
2023-10-25,-3.4340792405308407
2023-10-26,-5.071083740225413
2023-10-27,-5.930613783570749
2023-10-30,-4.202445736514305
2023-10-31,-3.0958135579904567
2023-11-01,-3.1042863708178436
2023-11-02,-1.267264245861155
2023-11-03,1.0137672090112515
2023-11-06,2.0565684899485737
2023-11-07,3.650903374872172
2023-11-08,3.9302449111224824
2023-11-09,2.346457360253118
2023-11-10,5.456951301361168
2023-11-13,6.630523321159343
2023-11-14,9.188632549418685
2023-11-15,8.065143202730152
2023-11-16,7.497734751299534
2023-11-17,6.516496533627847
2023-11-20,5.317547443362103
2023-11-21,4.126571125703804
2023-11-22,4.366488165314553
2023-11-24,4.133035506283145
2023-11-27,3.825197705565886
2023-11-28,4.773942746730775
2023-11-29,3.0652920339551137
2023-11-30,3.5418390361664276
2023-12-01,2.2005471895366835
2023-12-04,1.4857158085491928
2023-12-05,1.3073838127517723
2023-12-06,0.7824511189582717
2023-12-07,0.8402640641424375
2023-12-08,1.458290640101012
2023-12-11,1.4444917504641497
2023-12-12,1.8502678019186813
2023-12-13,3.4427515641378914
2023-12-14,3.6150159498912204
2023-12-15,3.7052419691555816
2023-12-18,3.782127063356544
2023-12-19,3.7813708612010055
2023-12-20,2.8134833624375855
2023-12-21,3.9317478181284615
2023-12-22,4.512522695599808
2023-12-26,4.125096225349401
2023-12-27,3.848735006092041
2023-12-28,3.481061949965847
2023-12-29,2.7161530675969603
2024-01-02,0.7592801497315671
2024-01-03,-0.3123179116653052
2024-01-04,-0.6465092526471539
2024-01-05,-0.9138160892384173
2024-01-08,-0.10129247520641593
2024-01-09,1.2376685432119672
2024-01-10,0.7731605835571642
2024-01-11,0.5386328694346298
2024-01-12,0.19016702445153744
2024-01-16,-0.3262519920193774
2024-01-17,-0.9227842411698939
2024-01-18,0.23292234733731654
2024-01-19,2.044770738145796
2024-01-22,3.0951303028177612
2024-01-23,3.7520154926333316
2024-01-24,3.6470352802922656
2024-01-25,2.7420783702876372
2024-01-26,2.8270787343634973
2024-01-29,3.02041413624059
2024-01-30,3.027672250765656
2024-01-31,1.2922700012333088
2024-02-01,2.941892328545226
2024-02-02,4.62946356038243
2024-02-05,3.3857358594753473
2024-02-06,2.364142394019586
2024-02-07,2.981797490119442
2024-02-08,2.7404103112280476
2024-02-09,3.2465518480861766
2024-02-12,2.608823577488284
2024-02-13,1.271731374349061
2024-02-14,1.4750615369942377
2024-02-15,2.127119556058199
2024-02-16,3.3002796322474826
2024-02-20,1.4129089986323562
2024-02-21,0.4676713837143964
2024-02-22,2.917773493215381
2024-02-23,2.716264686944303
2024-02-26,1.4908729825066969
2024-02-27,1.606071337819226
2024-02-28,0.8584314279405092
2024-02-29,1.4821260733117736
2024-03-01,3.7129757306936684
2024-03-04,2.606276821674114
2024-03-05,0.9726168203859853
2024-03-06,1.9815925059483819
2024-03-07,3.6549017085685476
2024-03-08,2.848167329077822
2024-03-11,0.607623701845661
2024-03-12,1.6992218204684884
2024-03-13,1.889327018481013
2024-03-14,1.4237384259714991
2024-03-15,0.9335747648803849
2024-03-18,1.0429196255300477
2024-03-19,0.8064892896353593
2024-03-20,1.8255878541010961
2024-03-21,3.207151506798067
2024-03-22,2.535280796746564
2024-03-25,1.1794794235810535
2024-03-26,1.559227822136
2024-03-27,2.5508309984095145
2024-03-28,1.5280362184002083
2024-04-01,1.518979499778328
2024-04-02,1.0742688060142225
2024-04-03,1.844798508527301
2024-04-04,-0.04291745478131048
2024-04-05,0.498792123603109
2024-04-08,-0.4254854898537941
2024-04-09,-0.6032589720940229
2024-04-10,-1.4049956249116424
2024-04-11,-0.3666022126445956
2024-04-12,-1.5406700771392057
2024-04-15,-3.556642005605426
2024-04-16,-3.862323598542172
2024-04-17,-4.225204385394488
2024-04-18,-3.73985988731822
2024-04-19,-4.686951332536382
2024-04-22,-2.6540591893472354
2024-04-23,-2.570739037034475
2024-04-24,-2.513460159657388
2024-04-25,-3.099669667998095
2024-04-26,-1.1758231537173702
2024-04-29,-1.5943266667436062
2024-04-30,-1.7121409373835106
2024-05-01,-0.857991789514434
2024-05-02,0.25319663222742594
2024-05-03,2.1022617532918675
2024-05-06,3.384872044572873
2024-05-07,4.438489862559214
2024-05-08,3.5339081147966356
2024-05-09,2.830659395923507
2024-05-10,2.9783324098958452
2024-05-13,3.4268147261915516
2024-05-14,2.8768853089043978
2024-05-15,3.752416358330546
2024-05-16,5.19114560268803
2024-05-17,5.676721020088116
2024-05-20,4.816752892855747
2024-05-21,3.775895658753581
2024-05-22,2.4372966024158726
2024-05-23,1.5448079110202961
2024-05-24,2.2563116003909256
2024-05-28,1.763686019393651
2024-05-29,0.8476490996959241
2024-05-30,0.2692754078392312
2024-05-31,0.5876096884124715
2024-06-03,-0.4662641409907353
2024-06-04,-0.10873874384097482
2024-06-05,0.9571453084606052
2024-06-06,0.8445535433382334
2024-06-07,0.4806996641867567
2024-06-10,1.0133766471139172
2024-06-11,2.0403049447211608
2024-06-12,2.192575668461294
2024-06-13,2.4066912424331566
2024-06-14,3.126097646645598
2024-06-17,4.541130899172563
2024-06-18,3.9700540595849043
2024-06-20,3.5918158761403696
2024-06-21,3.2747848371111887
2024-06-24,1.7526984346370789
2024-06-25,2.173376972740315
2024-06-26,2.4482933388691563
2024-06-27,2.2772762969636817
2024-06-28,1.584277773230247
2024-07-01,0.997227464153494
2024-07-02,1.3852337432413098
2024-07-03,1.9408645702923666
2024-07-05,1.7167193777714473
2024-07-08,1.5640519552472032
2024-07-09,1.8967070271889819
2024-07-10,3.0979281267498937
2024-07-11,2.508686881294886
2024-07-12,2.670360009507622
2024-07-15,2.798882783548451
2024-07-16,3.361925414974265
2024-07-17,2.34027045241445
2024-07-18,1.269385526082667
2024-07-19,-0.07278984790370924
2024-07-22,0.49467041838389125
2024-07-23,-0.20566928737837387
2024-07-24,-2.6148200651372355
2024-07-25,-3.187388156313975
2024-07-26,-3.102818468878621
2024-07-29,-2.166695914077077
2024-07-30,-3.1860881334200175
2024-07-31,-1.9342167416652178
2024-08-01,-3.891163184641433
2024-08-02,-4.325309979653813
2024-08-05,-6.461433577595466
2024-08-06,-4.813260672116259
2024-08-07,-6.557927974394406
2024-08-08,-4.2555987141226765
2024-08-09,-1.528800673652564
2024-08-12,-1.0155170561673699
2024-08-13,-0.45190599183015934
2024-08-14,-0.1524652514669933
2024-08-15,1.964153011897496
2024-08-16,0.578563279792843
2024-08-19,2.96639420711331
2024-08-20,4.686377783097906
2024-08-21,8.378178789240188
2024-08-22,6.309315023005602
2024-08-23,8.368304644677371
2024-08-26,5.59339463201054
2024-08-27,5.270051794856445
2024-08-28,4.636450558436045
2024-08-29,2.8987400702557453
2024-08-30,3.54138520790217
2024-09-03,-0.2577924022499567
2024-09-04,-0.6153846153846176
2024-09-05,-1.8693888467882114
2024-09-06,-3.3713767080212675
2024-09-09,-2.6650773459530153
2024-09-10,-1.3484985567187913
2024-09-11,-1.4283153581170605
2024-09-12,-0.3752999907421284
2024-09-13,0.003910554943309386
2024-09-16,0.73155728177563
2024-09-17,0.7621656807273336
2024-09-18,-0.5336024360880876
2024-09-19,3.3407910753075143
2024-09-20,3.3057551806408236
2024-09-23,3.909576062841036
2024-09-24,6.00008875050384
2024-09-25,4.591623180193927
2024-09-26,4.5464305470637845
2024-09-27,3.3135702621292618
2024-09-30,2.979398687577728
2024-10-01,1.4704889069004246
2024-10-02,1.3571592145696254
2024-10-03,1.1599799807616495
2024-10-04,2.3638991431510714
2024-10-07,-0.3097850057056539
2024-10-08,0.851899588780447
2024-10-09,1.2847617498780384
2024-10-10,0.8219182861119778
2024-10-11,1.6212125978197323
2024-10-14,1.9925609664825927
2024-10-15,1.3434596744258176
2024-10-16,1.3881176160264408
2024-10-17,2.324852200569305
2024-10-18,2.717031494656319
2024-10-21,2.7024845875570636
2024-10-22,1.741067314430178
2024-10-23,1.7816198906589698
2024-10-24,1.0211906181915475
2024-10-25,0.2776223921105547
2024-10-28,0.7520696187749198
2024-10-29,0.3076510353342998
2024-10-30,-0.7880747800711685
2024-10-31,-1.8883076595027637
2024-11-01,-1.945581235333682
2024-11-04,-2.204582065815641
2024-11-05,-1.3966685252537636
2024-11-06,1.282204585598179
2024-11-07,2.083333333333348
2024-11-08,3.4173822148472865
2024-11-11,3.2959486114984005
2024-11-12,3.028002176263578
2024-11-13,2.7794186334038518
2024-11-14,1.9929983610267321
2024-11-15,0.9795877646993967
2024-11-18,3.298074647924354
2024-11-19,3.2848065912581825
2024-11-20,3.5783492540291784
2024-11-21,2.869736942221368
2024-11-22,0.6797053148570376
2024-11-25,0.23890442148966073
2024-11-26,0.43515679988792577
2024-11-27,-0.043490214701702445
2024-11-29,0.8086577684788931
2024-12-02,1.0320146757599291
2024-12-03,1.6928411862495052
2024-12-04,3.6771243923129138
2024-12-05,3.0794316566049362
2024-12-06,2.928689973601406
2024-12-09,2.2940252927527327
2024-12-10,1.4490536603734228
2024-12-11,1.923998297969276
2024-12-12,1.0669125175160499
2024-12-13,0.4892363031272273
2024-12-16,1.2559304120532078
2024-12-17,0.30220244745853275
2024-12-18,-2.8937598703521417
2024-12-19,-3.0215475348271403
2024-12-20,-2.5571388435699283
2024-12-23,-1.6631797613541166
2024-12-24,-0.8247581798508152
2024-12-26,-0.2521126411525132
2024-12-27,-1.0616562633079862
2024-12-30,-2.9132883752808536
2024-12-31,-2.8030572195827275
2025-01-02,-3.016646587639582
2025-01-03,-2.166747886099618
2025-01-06,-1.2433457122504987
2025-01-07,0.6278779869758333
2025-01-08,0.872154461844743
2025-01-10,-1.750339327415129
2025-01-13,-2.3074721253684594
2025-01-14,-3.263720107813861
2025-01-15,-1.4522350805536655
2025-01-16,-0.5610600853481307
2025-01-17,1.518891337985484
2025-01-21,2.849720230616337
2025-01-22,3.711649385282567
2025-01-23,2.96577012589041
2025-01-24,2.106309556881736
2025-01-27,1.747325703203395
2025-01-28,2.525239724580741
2025-01-29,3.642844394409517
2025-01-30,4.0257221283638955
2025-01-31,3.382218791663738
2025-02-03,0.750599588901335
2025-02-04,1.6933508945083053
2025-02-05,1.0809350538466322
2025-02-06,0.5675093069542614
2025-02-07,-0.9920527342241803
2025-02-10,-0.8542650329889878
2025-02-11,-0.536612229645117
2025-02-12,0.6601488952610479
2025-02-13,0.7806912009492795
2025-02-14,1.2471623413933042
2025-02-18,0.9620880324550329
2025-02-19,1.7154123893102113
2025-02-20,2.051022842339001
2025-02-21,-0.40991208834889603
2025-02-24,-1.2906088941974536
2025-02-25,-2.109287803049853
2025-02-26,-1.1604732168490006
2025-02-27,-3.3771041994975604
2025-02-28,-1.8785531844772163
2025-03-03,-3.3418870219118713
2025-03-04,-5.509667101112504
2025-03-05,-4.448347651452334
2025-03-06,-6.379882471555954
2025-03-07,-6.086277190498279
2025-03-10,-8.221632295439985
2025-03-11,-7.334948687289322
2025-03-12,-6.417081017841475
2025-03-13,-7.283153520003349
2025-03-14,-5.324325141116793
2025-03-17,-3.180888396794712
2025-03-18,-5.7072802082458685
2025-03-19,-2.981852122836648
2025-03-20,-1.9947561070584707
2025-03-21,-2.9964245553800173
2025-03-24,0.5062280866843683
2025-03-25,0.11178122075490293
2025-03-26,1.7390498988344438
2025-03-27,2.175852062160044
2025-03-28,-0.3278981301234163
2025-03-31,1.6359625610339101
2025-04-01,-0.10409757862293034
2025-04-02,-0.07312620702293327
2025-04-03,-3.8851862802021797
2025-04-04,-10.593467470384777
2025-04-07,-10.606598397637956
2025-04-08,-12.082624621530247
2025-04-09,-5.3864972596778244
2025-04-10,-8.804410860966117
2025-04-11,-6.10692902909562
2025-04-14,-5.046976187841523
2025-04-15,-3.3024902614971596
2025-04-16,-5.990003296595603
2025-04-17,-6.219876550442294
2025-04-21,-9.042015739811715
2025-04-22,-2.0153728699235818
2025-04-23,5.947482105130386
2025-04-24,8.346486246234397
2025-04-25,10.886314238867122
2025-04-28,1.3166816324286845
2025-04-29,5.557654160457859
2025-04-30,3.835282360311454
2025-05-01,3.665762111147486
2025-05-02,5.37446517548914
2025-05-05,7.1019959436662505
2025-05-06,6.1372025668692265
2025-05-07,9.17141638556085
2025-05-08,7.114165544578421
2025-05-09,5.2838057538700856
2025-05-12,6.553055096202742
2025-05-13,6.539841924560341
2025-05-14,6.580691838118913
2025-05-15,6.403720307939653
2025-05-16,6.990766843955698
2025-05-19,6.414186654865861
2025-05-20,4.462893046369842
2025-05-21,3.4374679225114058
2025-05-22,4.193040373396406
2025-05-23,3.0461990879515843
2025-05-27,4.548070777585922
2025-05-28,4.039640206293038
2025-05-29,1.1632065350373644
2025-05-30,0.4270752817864265
2025-06-02,0.7358406674156326
2025-06-03,0.9031710701326467
2025-06-04,0.208613750717479
2025-06-05,-0.40747199678047297
2025-06-06,1.008339421526272
2025-06-09,2.7592944610504544
2025-06-10,3.3687035797610676
2025-06-11,3.781264971169196
2025-06-12,2.0893213589708193
2025-06-13,1.5015581085326524
2025-06-16,2.04561100238998
2025-06-17,1.2015176709198272
2025-06-18,0.7569146588408904
2025-06-20,-0.04237593314986299
2025-06-23,0.9104292382440482
2025-06-24,2.5740407118683972
2025-06-25,1.5299082055076685
2025-06-26,2.2501282076897944
2025-06-27,2.2232857135760176
2025-06-30,3.0339209330747297
2025-07-01,2.526773042019692
2025-07-02,4.1902502438526446
2025-07-03,4.08147704915045
2025-07-07,4.132902759948642
2025-07-08,4.090542011446496
2025-07-09,4.950199737258365
2025-07-10,4.237058871367938
2025-07-11,2.750575327715188
2025-07-14,2.8955247399937045
2025-07-15,1.6730119752093264
2025-07-16,1.4681511792349777
2025-07-17,1.4892948371864279
2025-07-18,1.5937373447283854
2025-07-21,1.2554155653545118
2025-07-22,0.4820562637852577
2025-07-23,2.0695090513934256
2025-07-24,2.2139516056490116
2025-07-25,2.001832911295387
2025-07-28,1.7404776083280504
2025-07-29,1.7749910140181235
2025-07-30,1.5049708385976857
2025-07-31,1.5316091585839242
2025-08-01,-0.4101409709915793
2025-08-04,0.5173596554746807
2025-08-05,0.038114658421184444
2025-08-06,0.6257929459527967
2025-08-07,0.4814869992170623
2025-08-08,0.4802709898394486
2025-08-11,0.15872142817854318
2025-08-12,0.8940870044328753
2025-08-13,1.2020776960673052
2025-08-14,1.5332309923621112
2025-08-15,1.3657294629807248
2025-08-18,1.7313968694148807
2025-08-19,2.7790914089589336
2025-08-20,1.0401362414177662
2025-08-21,1.1268115424364122
2025-08-22,1.920391611742045
2025-08-25,1.5665615141955858
2025-08-26,1.1971296433965328
2025-08-27,1.6937451458786112
2025-08-28,0.8703395720597751
2025-08-29,-0.09773326859019438
2025-09-02,-0.8193502706947742
2025-09-03,-0.023876709355330483
2025-09-04,0.820728313033503
2025-09-05,1.0938379784663832
2025-09-08,1.5536807082169757
2025-09-09,2.236047075666736
2025-09-10,1.007127051404777
2025-09-11,2.300708770491311
2025-09-12,1.830360318839963
2025-09-15,2.065603110439107
2025-09-16,1.6133844776725415
2025-09-17,2.1684885747632388
2025-09-18,3.3733715322482594
2025-09-19,3.351291666278966
2025-09-22,2.947825926472758
2025-09-23,2.706472267222093
2025-09-24,2.1988714656320685
2025-09-25,1.4143331168302797
2025-09-26,1.7094200280463712
2025-09-29,1.1193978872009902
2025-09-30,1.5820992088744656
2025-10-01,1.4499764182317243
2025-10-02,1.6436195654148111
2025-10-03,1.7489981591885195
2025-10-06,1.6333029752893413
2025-10-07,0.7537107839312496
2025-10-08,0.8959103641456689
2025-10-09,1.1745672172716493
2025-10-10,-1.2874417931988291
2025-10-13,0.7570343633038101
2025-10-14,0.009181630717836065
2025-10-15,0.14787103244005007
2025-10-16,-0.8879473002754046
2025-10-17,-0.7031529383716761
2025-10-20,0.294549055522042
2025-10-21,0.2912538956697741
2025-10-22,-0.606502993940905
2025-10-23,0.3551966687467045
2025-10-24,0.5622086790687097
2025-10-27,2.079401821202631
2025-10-28,5.164127944863872
2025-10-29,3.5444015676091567
2025-10-30,2.679435486905324
2025-10-31,2.535429152188695
2025-11-03,3.362462607877137
2025-11-04,1.6137430766160366
2025-11-05,0.9080745286282443
2025-11-06,-0.22315098695688818
2025-11-07,0.43884526972566285
2025-11-10,1.3948332254943407
2025-11-11,0.8086352586764045
2025-11-12,-0.3525736128322854
2025-11-13,-2.2261275394034774
2025-11-14,-2.270923099473343
2025-11-17,-2.197633070178273
2025-11-18,-3.2583842577702415
2025-11-19,-3.0620390924070096
2025-11-20,-3.4377653565284105
2025-11-21,-2.844198820238697
2025-11-24,-0.22617970572829105
2025-11-25,0.5510640827487867
2025-11-26,-0.2900871285911544
2025-11-28,0.03622230563740114
2025-12-01,-0.5589030378401749
2025-12-02,1.3637125992023824
2025-12-03,1.7167821731453925
2025-12-04,2.76826513958226
2025-12-05,3.8245090157344563
2025-12-08,3.07655943247378
2025-12-09,4.614789348439152
2025-12-10,4.296386939856034
2025-12-11,2.921349655188865
2025-12-12,0.9094160700455767
2025-12-15,0.0572467820703082
2025-12-16,-0.7129414272552981
2025-12-17,-1.338690050685265
2025-12-18,-0.7996345197287535
2025-12-19,-0.22219886360318464
2025-12-22,0.3116468721562349
2025-12-23,0.5733290638099797
2025-12-24,1.2493956775057713
2025-12-26,1.307358661854141
2025-12-29,0.2767661630858287
2025-12-30,-0.06897551079554365
2025-12-31,0.2649613835993492
2026-01-02,0.6155642696922703
2026-01-05,1.4968545320325877
2026-01-06,3.323548709128854
2026-01-07,2.1575672053327333
2026-01-08,1.2723681322700964
2026-01-09,1.2762975594934334
2026-01-12,0.9765853955040704
2026-01-13,0.45715192475530575
2026-01-14,-0.048196665483379864
2026-01-15,0.5608377958046473
2026-01-16,0.6346936881547194
2026-01-20,-0.7105397706522631
2026-01-21,0.2500557704560924
2026-01-22,0.16371947464883796
2026-01-23,-0.4206012538841897
2026-01-26,0.4233535088492335
2026-01-27,0.825548366963047
2026-01-28,0.16866964865036582
2026-01-29,-0.11838441109488507
2026-01-30,-0.3548380611567925
2026-02-02,0.7195449426847134
2026-02-03,-0.3839025872384716
2026-02-04,-0.8255031332807916
2026-02-05,0.02265752126717757
2026-02-06,0.8243620211704661
2026-02-09,0.7445015802758359
2026-02-10,0.37885305851546036
2026-02-11,-0.12603899439298516
2026-02-12,-2.089817441893793
2026-02-13,-2.0329519936142404
2026-02-17,-1.8049909528039088
2026-02-18,-0.8318165507282593
2026-02-19,-1.6419549225679453
2026-02-20,-0.11998016713382631
2026-02-23,-0.6533754097217459
2026-02-24,1.348405507178163
2026-02-25,0.1995008871514603
2026-02-26,-0.8034665648214867
2026-02-27,-0.9065359034603371
2026-03-02,-0.862209301488015
2026-03-03,-0.23606858721805235
2026-03-04,0.48755370331632353
2026-03-05,-0.1828086777861948
2026-03-06,-2.0532427691820287
2026-03-09,-0.9603768058071505
2026-03-10,-1.8529533932218123
2026-03-11,-0.905999780629585
2026-03-12,-3.155991158290117
2026-03-13,-4.519638993223573
2026-03-16,-3.0320487026803233
2026-03-17,-2.366518968204123
2026-03-18,-3.7334232346453278
2026-03-19,-3.082754968364143
2026-03-20,-5.284518523910043
2026-03-23,-3.655696113581164
2026-03-24,-2.724769362702195
2026-03-25,-3.003094471887102
2026-03-26,-4.487515999457337
2026-03-27,-6.0059328787744555
2026-03-30,-4.9290983152045165
2026-03-31,-1.5631337461682993
2026-04-01,-1.8518131528589277
2026-04-02,-1.9862747521251278
2026-04-06,-0.19427294820897334
2026-04-07,0.1568154950662315
2026-04-08,4.246996840073303
2026-04-09,3.702476827229906
2026-04-10,3.973540236441808
2026-04-13,4.465176959601935
2026-04-14,7.568440489350281
2026-04-15,10.270299975662777
2026-04-16,10.996071705560762
2026-04-17,9.152763566627664
2026-04-20,8.118540238345817
2026-04-21,7.3119044038227665
2026-04-22,7.956496159157145
2026-04-23,7.428761419708763
2026-04-24,5.635864781705502
